Peak #,X,Y
1,-0.9811769975129999,21.975565501049587
2,19.984297984163224,22.072962452569424
3,41.76462329167983,21.113830919637238
4,61.75375760484383,19.555664142660685
5,80.32649612175658,17.61643631388614
6,102.7076917489047,17.61905978886022
7,124.68636100463215,16.322990572397106
8,146.66382859172055,15.619281559228753
9,171.01606786018684,19.593216575448196
10,188.56128589700077,21.4302971754629
11,210.60436337980104,19.90621494696056
12,230.55161820962152,20.98833100588655
13,252.39855307166454,22.46306030729742
14,273.62587454368094,24.259049583682533
15,293.2612797286659,25.75874256052508
16,310.89668955042526,23.258951906120302
17,335.12409609464237,21.4629315092935
18,356.9758877419545,21.987629405637428
19,376.0794200451426,19.907426887364007
20,398.6419235143449,20.787621646267073
21,420.10323272454514,21.548775207155984
22,440.0828784743032,22.834159608629797
23,460.9840028786189,21.08948271974579
24,486.1719368652936,22.201143749421412
25,507.4954069581179,23.742846128843226
26,540.7863289711687,22.462325033773833
27,564.7660603474593,20.011444525516225
28,586.3513015461344,20.071373716949164
29,606.456611187045,21.154486373606943
30,628.247497414309,22.032091399191785
31,647.3135492125492,20.46055400731662
32,667.9970814059108,17.637764881595054
33,692.258861354144,18.13567209430221
34,713.5178647705611,17.635434811111473
35,733.1849264881936,19.43140948033104
36,754.2276362557205,19.904961442302216
37,776.0612462193932,19.94607554927356
38,797.2044246604721,19.947290063503615
39,818.6430270188798,19.947137857493374
40,841.7000764947977,20.945562210401583
41,875.9578671090404,21.91994046614191
42,899.9892486846087,21.82508869705713
43,921.4687735635536,19.736453084215594
44,942.6596238108734,21.819908651266676
45,962.5916349804712,19.918846730865155
46,983.5223897830122,20.944904221478385
47,1004.4673883220937,20.947164862206026
48,0.23014041656657505,42.124761724566206
49,22.454226745506833,43.92739846803308
50,42.68438809994222,43.60619345610632
51,60.6720687746206,42.974247622092605
52,79.53984229801998,43.16924333887967
53,125.68713346394544,41.896963458525484
54,170.59832393188896,40.898921539764125
55,191.2337603411821,42.89531025701805
56,209.68992975318906,42.894534054881184
57,229.63713234475998,42.894469375778236
58,254.06783929292064,42.89446564277419
59,275.1254967447164,41.89432283322349
60,310.39579624764406,40.89046605796658
61,332.45452314090153,40.8863572321705
62,356.8749208862844,41.88226766554141
63,375.7284961121921,42.674813812210225
64,398.6072148003953,39.10765176036138
65,422.18384256479294,39.06374208041115
66,460.6506702878883,37.086946374084654
67,485.66280359312066,40.120405920751594
68,519.8917737338412,39.06261891549654
69,540.6200802814473,40.541367864829304
70,565.5587386230328,40.433701079620334
71,585.9449983534346,42.75640490638061
72,606.4772239360639,43.56309451272806
73,626.707644030813,42.92693616461977
74,646.4609668998628,43.133732342534636
75,666.4715610123883,40.91669553184552
76,716.0176881116879,42.89448447483938
77,735.8547015851113,41.89563482051765
78,753.3112318676558,41.89958599714796
79,775.0612456249856,40.90162431837866
80,796.1207135807683,41.85717473668946
81,816.9709077047988,40.377350814028404
82,840.1846086450569,39.556943997519106
83,859.794027564612,37.99469083873166
84,876.3123587360817,39.279209556203845
85,898.2471603688974,40.312530565916916
86,921.5644095046923,39.1280390412358
87,944.1388407614623,40.858545398062525
88,962.803249928016,40.66400595157581
89,985.5484414249729,41.87555056785549
90,1006.4684378707526,41.89389891105226
91,2.0339084548917805,64.35988730869167
92,22.270950413120122,65.18386601654916
93,40.83130743162505,67.82205998386397
94,60.75679316980187,66.77263300685648
95,79.36816659251922,65.7222108125463
96,102.57365961423031,68.26507057826005
97,126.72411865028364,68.59652789459936
98,147.6553378366157,68.37860872496125
99,170.96172765159338,64.3271821050568
100,190.54327998805493,62.38758069036826
101,210.6020977453576,62.88462191731412
102,229.55153679201243,61.79998087942132
103,252.39853526524064,63.32550974416382
104,273.6238038138389,60.527630221820296
105,294.2509754366137,59.01382544504182
106,311.8676211739363,61.4489374735455
107,333.12214940290505,61.1358430238079
108,355.9934753656971,62.701807595804645
109,376.38078923535494,62.941004080303344
110,394.65645804877084,62.816242700419835
111,441.1327947039171,59.55326887747876
112,486.4095455154363,58.75515252029857
113,503.845221948034,57.91282401330636
114,521.3239630703328,57.72570183430206
115,541.7993063457999,59.58712199142988
116,567.2356193802051,60.44123634819823
117,589.400740611377,64.07695582659595
118,606.776522204502,67.36696205620495
119,626.0641983716075,64.15537526164499
120,646.4003722475028,64.82366683516754
121,668.8772792959709,65.18207051146803
122,690.253037658532,65.654688212461
123,713.5199888153059,66.15560026086
124,734.2010816335369,62.384960692517204
125,753.2684221439479,62.01081472963353
126,776.0538956968752,62.05184017963332
127,796.9799095277601,61.94930030384297
128,816.1256989501227,61.621160066143894
129,837.1865546139593,60.59126109271972
130,857.2920644787476,59.20460425581282
131,879.3052373712511,60.769342042139854
132,899.708072071063,60.31922369155233
133,921.8688326674408,57.78664437125944
134,944.9641576326634,59.51077371532976
135,965.6060591838257,62.3251568410583
136,985.6472152644868,62.799325599056985
137,1005.4724168941468,62.84042544359151
138,2.7292601279943396,82.80784809422758
139,25.98667063735283,84.02037437119256
140,58.8835271302085,85.63132812184432
141,80.11676763741818,86.71504984565658
142,104.30238166796164,86.12110637167689
143,125.16338125996181,87.75140380162189
144,146.82139752753773,88.1785817994671
145,168.55608406803233,84.79620757264775
146,189.52642651561138,84.2355177619273
147,209.467078066913,82.80118339178209
148,231.44833997912508,83.72796493672072
149,252.60316722644615,82.536990740841
150,272.8056225563437,81.73682016627947
151,294.0723481225167,81.8921512081898
152,313.23217680781056,80.84340415775212
153,335.9373816360318,82.91571577510518
154,356.8037536886368,82.97051745105273
155,377.445093254423,85.7821068675981
156,395.8447387266477,87.73781792891351
157,419.206318096881,86.27179463511223
158,439.9163437217395,85.09689534196356
159,462.33505885923034,86.04590142776262
160,482.5905314411432,84.97006454643376
161,503.0366216365287,81.101785514555
162,521.4042930828052,83.16067616113358
163,542.348820443677,80.33815954521232
164,568.3427244817061,79.0081045290845
165,591.5452665740036,81.8757550045623
166,625.7807866531888,84.73185882609263
167,647.4662112992247,82.98258135400337
168,668.5862910566287,83.81051727283008
169,692.2512240289066,84.49061547676102
170,711.7492219456475,83.83683536711004
171,732.6049503287819,85.24064759537941
172,753.6403284724113,85.83688661850036
173,776.04869631163,85.49030338948438
174,795.4767652957273,85.81725688321377
175,816.6087867409856,84.951353119506
176,837.8807097310885,82.17198519623796
177,857.3580790220732,82.28050152190927
178,878.0436166366638,80.85833273216232
179,900.186553147362,82.45672074172002
180,945.560746348663,82.74795916403106
181,965.279107406334,84.78780223426094
182,984.7297013397175,83.7889352441219
183,1006.4757383413954,82.78894137145427
184,2.1587678423847794,104.26277759529746
185,25.291072612484133,103.94150600689922
186,45.20371814352528,102.24555189929268
187,60.52194527186142,107.26458467650154
188,80.53771661400835,107.66658363273956
189,105.58600696804625,105.93197099837948
190,127.8083874295153,107.19671420419812
191,146.51766676253388,107.38039978195505
192,165.2812621194822,107.73268704673625
193,188.55467192287438,104.05228584406858
194,208.17929546715834,105.41728587661298
195,229.4161808365337,103.0371051395903
196,251.56377239233495,103.34295466550327
197,273.2875751432437,103.51799886026046
198,293.26796833657926,103.02480019585529
199,312.8826062495138,102.3349184339263
200,334.2455566323954,99.94608895423079
201,360.484612202769,103.04086377564664
202,380.2822592816146,107.69153091101198
203,399.03701137157555,107.7439595369836
204,415.59127174990317,108.60629574107833
205,438.92446274674876,104.89710117854916
206,459.790573247742,105.37110272033586
207,482.96195253415686,104.89648316083696
208,501.6203613649196,103.5572922193505
209,523.1998581537301,104.58875376493936
210,541.9876817329308,103.6246248648538
211,591.549717535642,102.05109366198374
212,608.1356632467604,101.78173794143085
213,627.3660985883922,103.4209117360685
214,648.3219112581919,104.2487580047851
215,671.1419813888402,105.82092489082919
216,692.2587662124263,105.94567230314023
217,711.3750547994485,104.90411583647017
218,735.201183336814,104.27603444443761
219,756.4135176465544,108.04922376781794
220,776.0477447894335,108.54783228109802
221,793.6801369911955,107.0503647118978
222,814.7481628956798,104.28042566938201
223,837.117349907022,103.90339234870905
224,855.901128377994,103.99544444260616
225,902.2070534433968,106.05663188705871
226,923.3593861295819,108.54556502522928
227,945.1424082871703,106.04791796323084
228,963.6128979019854,106.2521668334754
229,985.6472842487655,104.77855075593267
230,1005.4724162629819,105.73745693236002
231,0.4419562488801874,124.45554126758468
232,24.182903219221437,125.68008980323758
233,44.74832111850062,125.10973207326903
234,79.91151834207675,124.58408144101864
235,104.63912391979039,124.67071195988497
236,127.87564259693144,125.26923076413762
237,162.7027363856053,124.8019070233198
238,186.49977208484347,123.76642099798184
239,207.0278504693415,125.93099188399324
240,230.21243788479816,123.46866474362344
241,252.67274913865327,124.48965963470815
242,273.47510505511076,125.587018907135
243,290.6090375681461,126.6943065067353
244,311.4101808272526,124.68018477659642
245,361.58794945702374,125.6836511545366
246,381.1373023452067,124.68834589152044
247,416.14555983247135,125.7270632678153
248,439.1952880163956,125.7223447094294
249,460.63281938652796,125.71112765791958
250,482.7795933967957,126.6910182814373
251,501.6228426156835,126.68741037734229
252,521.6497249389349,124.88375754917374
253,541.0533647055175,127.83433995799585
254,564.6603347730852,126.64871774023284
255,588.7551682866605,126.11235815074939
256,609.7136971715391,124.47658484862853
257,628.0186198520443,123.79751063980686
258,648.1206162038014,125.48294144938046
259,670.2797708632505,124.67196661490141
260,692.2659636278314,124.69134935598103
261,712.4166946416481,126.68847230352195
262,735.8546787972431,125.68437928651585
263,758.9120701375637,124.68347171421811
264,791.2092428707216,126.70290191608807
265,816.3683183457672,126.94737825224267
266,837.1922633376084,128.24298604409955
267,857.6747558736186,128.69470003363026
268,878.985002832695,130.71425128830302
269,901.2874817856047,130.24149044557717
270,923.675096990629,128.91177868992935
271,943.2651851244821,126.75726878597405
272,962.8080659713072,125.9149572661127
273,983.5484958290516,126.70233843734376
274,1005.4684377014889,124.68398335686042
275,0.17426939692186352,147.5788596607771
276,22.25151772601636,147.21807470533764
277,44.72276023281588,146.14219929947936
278,61.80554356298774,145.39683753480656
279,80.0631183892064,145.28675006339043
280,105.32708024991031,144.77330826842262
281,125.57164722111727,144.5840331894792
282,144.57636449835553,141.48582498602653
283,164.73062696674353,140.939113821096
284,191.16754286446275,146.01883393589858
285,207.83687835618898,150.15357846498574
286,253.75409682251274,147.6650380539835
287,272.5698253901431,147.68744827934344
288,292.1116022731787,146.34816662165744
289,312.88588499488816,149.92538117668525
290,335.2665678399196,151.39299092434086
291,360.49035407151746,149.32577465154344
292,380.33094311849885,143.72936264013197
293,398.1482923605004,142.8612578625136
294,416.64140188116505,144.32201913827998
295,438.86044666518984,146.11550797553252
296,460.7120985052735,147.5887045746145
297,480.77551300428524,147.6283896329706
298,502.5956893369967,146.599648169056
299,521.5595345946193,147.2902572348192
300,540.9976870370566,144.11855599981084
301,565.6503160538405,143.1380185928785
302,590.8219184613935,146.766098371704
303,607.8352994861006,147.66639280440026
304,627.0561944234361,147.4885463844166
305,648.1240021057561,147.83091735878554
306,669.28105832878,145.64738987614405
307,691.2626390834823,145.63011881459013
308,711.3330096518202,145.58845390040165
309,733.1849082919069,145.11484309303265
310,756.4123589506246,143.31884714207808
311,774.052798894244,141.8203917835512
312,794.8092210815822,145.36159944352366
313,816.914013658472,147.64936062932435
314,840.8599958214738,149.13777039159828
315,858.4768097702789,151.21247655049706
316,876.3873865248133,151.3831769762928
317,901.1512641921196,148.3000692541514
318,921.7808558001797,147.11140030788917
319,941.6906991122637,146.7775589469091
320,962.5927704693738,147.65958118667248
321,984.5224035316112,145.63298288297295
322,1005.4673883344459,146.63071752172098
323,1.1560359112576732,168.60025948157593
324,21.21271644892451,167.86074948868443
325,44.74104376827472,168.87800415649738
326,63.88356011956303,170.80995294675958
327,79.97885620905599,170.04767218872917
328,102.40696501702578,167.7615556344551
329,123.09152944659999,167.57303030461216
330,144.01641346898938,164.84324774933316
331,194.19692167867365,170.92186097733193
332,228.20760439213205,172.60112269417158
333,252.50112096098766,173.26361488775478
334,271.47534699577614,170.2235469188606
335,291.0730966258786,168.29367586475732
336,313.5753386010608,168.62067547364992
337,336.17159408841775,170.2498800380923
338,356.8552907672303,167.3852495174703
339,377.81045604628247,167.78284919158415
340,399.03083541346115,166.89840545433745
341,417.43081783174273,165.54803293419562
342,438.66303896110657,168.35280804279864
343,461.810698874193,166.56741904514183
344,481.7755193605446,166.5828163955109
345,502.5331177895544,166.58944637607485
346,522.9412877441891,168.61971067998695
347,540.1594184977205,166.22902095640896
348,594.6688033759772,169.6931401641082
349,608.6814885962605,171.48305834458006
350,625.477451178259,168.90025686955207
351,647.3480197058075,168.10237074465613
352,669.1846768248707,166.6303557621307
353,692.2542195910108,166.5881617940731
354,712.2329239198989,166.564209381142
355,732.3828595140241,166.348829371093
356,753.6163536610213,167.54630378459515
357,775.0561320022559,166.87694387362427
358,796.6883816955839,167.5462089571684
359,819.4094497953719,168.34934599658484
360,840.6470991972311,168.59296435013852
361,876.9607665251917,168.7784766367104
362,898.0715930305876,167.7179586808353
363,922.4879716779361,168.6147865172762
364,941.6207196569593,167.58527764073648
365,963.573368599384,167.57909296038383
366,983.5201301554346,167.57797700023806
367,1006.4672972411876,167.57788523923028
368,-0.7870222884991193,187.52344175661707
369,22.696002358370826,189.51674832593298
370,44.979832692234076,187.63331033516613
371,78.93103077161395,189.10317545963935
372,103.38599931405966,189.54787717063692
373,125.20795028472787,188.24780707577978
374,146.18240128660162,190.3420907482702
375,172.15374764430777,195.25018042445836
376,192.28799128301256,192.7090830800369
377,210.00124829698922,188.84071338828556
378,230.25434974880775,189.50930547091426
379,267.5346091067277,189.43623764844514
380,290.5956511611757,187.4051717861455
381,313.97886520098984,188.61548592193722
382,335.15159447031294,188.72597916503284
383,355.1635801016949,188.62284903955234
384,378.1116586994036,189.4266946880532
385,398.0021734426556,189.32038788999222
386,419.92135338353575,189.42650716980563
387,438.9153544988286,188.62376266426455
388,461.83656243748356,189.73163696126474
389,481.7439203547012,189.65376069791458
390,503.68661886845325,188.66190882910246
391,521.8666922398015,190.68138395702536
392,541.674736606882,192.39534969572387
393,594.4803887571646,192.98635485548803
394,624.9033823283313,189.7887877021768
395,646.6900443506046,188.76699685677858
396,671.1021957287378,188.77921506547747
397,692.2315310738821,189.76282370890675
398,713.1635406708833,188.65214488769502
399,733.1531408614865,188.52518668887524
400,754.1405487510395,188.40038763159575
401,774.0526181227307,187.3143326437671
402,796.0773141564952,189.35328115273032
403,816.9361105294539,188.95181142052922
404,841.1680370950986,186.1086962161164
405,857.8339664829102,184.59674307155487
406,876.5015675870229,187.12144872324345
407,900.7196958003851,187.98592394792715
408,920.5542472421334,188.48167930790754
409,941.6206503000755,187.52393096701377
410,963.5727631415924,187.52512130536974
411,985.5200595777317,187.52511897279607
412,1004.4672944311133,189.52511773944497
413,-0.8654428534667933,209.4336704329019
414,23.125449726684902,209.02627626992253
415,44.28167870307252,207.7986903318722
416,65.15351481822718,207.17439673417047
417,81.43207828686147,212.09599484068048
418,100.35367054258862,212.3138213061563
419,125.43810172825553,209.2244454911491
420,148.54227977352818,209.85759707639562
421,172.757285473752,211.424168885747
422,208.18798139512342,208.13534519647368
423,230.38976652109938,207.33465618853654
424,250.60132252530303,205.7998803006963
425,270.9035419589114,205.6822093168412
426,293.74041063539374,206.87080173762016
427,313.3256453610586,210.186055975623
428,336.18205199769864,209.45754627932172
429,356.1061048517741,208.47539031588718
430,378.05323722052395,209.46880573744917
431,398.0259343120904,209.48290791403812
432,418.1737178764379,210.69785787976937
433,440.4054733530888,209.5022742660333
434,460.82257218147544,210.14917334512248
435,480.26687105481454,210.41163174660613
436,502.8914389410206,208.78212250890377
437,525.1327716396164,211.94459705079248
438,545.184947506552,214.26142076094854
439,588.8527343329954,210.96646323593492
440,607.2515277473651,205.65035346641474
441,626.5499793528551,209.2678070500928
442,649.5571539067008,211.88897026431047
443,670.1844223115057,210.49336986705538
444,691.0234556350614,212.40220875237978
445,712.6618168249805,209.52281027980283
446,731.9223990244692,210.70188971728163
447,753.0727923904723,208.4849754648723
448,775.0448368646827,208.45748367609445
449,794.9924310757731,210.41672611881887
450,816.9440319699553,207.9974538538316
451,837.9397348684034,206.45529988681488
452,857.83704919667,207.27038293687656
453,879.7349379704397,206.46012746823325
454,900.7299162212845,209.01076543265495
455,921.6784109669252,208.43452994750533
456,943.6255890091732,210.47121364416535
457,963.5728238405684,209.47234044470642
458,985.52005910339,209.4723529544056
459,1004.4672944001306,210.47235299906268
460,1.065401729609899,229.4284223434808
461,22.61683618740842,229.42670318841812
462,45.62876188166002,231.42752007158234
463,66.6550262500401,231.43281270661686
464,101.46423517087662,231.43435707628302
465,124.01952617345619,230.4289568384758
466,146.3998452522819,231.1521874992517
467,169.1373324318009,228.75141681130918
468,188.21319690820332,228.8182267687621
469,207.34481971785655,230.43290742119322
470,227.37390534355546,229.30429344763198
471,247.79078186642286,227.54447937689733
472,272.6615761982779,226.45827685321132
473,294.35803052569844,227.63159085949096
474,315.2848724483291,228.74489610801407
475,334.30747941763843,230.34493649929647
476,356.10980866559373,230.41078506203456
477,376.05570200090176,229.41244347465602
478,398.12779843935755,229.45957945585295
479,419.98364170329376,230.9542956087406
480,443.1714870729812,232.7626473807712
481,461.55771164606654,233.03249250345812
482,480.0243426931571,230.80623223581472
483,502.8708703587374,229.73510950268707
484,526.3377636241521,231.50669851284871
485,545.8303841393675,233.41274899135917
486,562.368292669942,230.33365941887666
487,584.3473147494605,228.86467687362295
488,606.496633219667,227.92072006209813
489,629.2138556257315,232.70590368205717
490,651.1607259890782,233.51560982050518
491,669.2831169135752,234.02431411364464
492,691.2259494435208,235.74639474814953
493,710.7670623838153,233.77368516992507
494,733.1143138836075,229.93461399084376
495,753.9532021862759,229.43283246829532
496,775.9789723590515,229.27031573067015
497,794.8297821720429,230.05142699583598
498,814.9699320815928,229.55296142523966
499,834.6905915203386,226.83071608670687
500,858.8561239183018,227.37087504104144
501,882.042213373451,228.97420132011214
502,900.7440817395709,229.8745696138606
503,921.8030523102193,230.37493032975598
504,943.630606184487,229.4182407094934
505,962.5728934102099,230.41957325716632
506,983.5200593812458,230.41958787827977
507,1004.4672944006875,231.41958770654406
508,0.1375467327450862,250.6186090469499
509,21.0956992196411,250.9600302942325
510,44.29498049675224,253.15001531031717
511,65.1799483221895,251.81595622636587
512,80.43680784581096,250.88232660665793
513,102.35390120940843,250.65595025796674
514,125.529655228985,249.93513723424994
515,147.84166283229573,251.167456127071
516,170.12064628646797,251.87666291322603
517,189.84781400034805,252.01221760807613
518,208.8036116665317,253.25415730420235
519,225.42021137801467,253.59271871816046
520,246.20073114272742,251.64907617256128
521,296.08153530914535,249.64244432088518
522,315.45331432354925,251.33385578128903
523,334.5863309599271,251.10883105301446
524,357.0985082240106,250.22098883507215
525,378.0625859075962,252.15862766239403
526,398.2847439654597,251.27571191494502
527,419.78795117958657,250.5867064459002
528,442.58063196950263,250.84439193198935
529,474.9130063057493,250.79665155018924
530,502.788236130311,248.69905428340968
531,529.6023497876274,248.43231095042145
532,560.9174054520109,250.6906646078136
533,585.5790631236787,250.26921980151752
534,608.7439304078794,249.93405149557233
535,631.3591114526778,251.2212358014606
536,670.3091803519006,252.36450663046293
537,707.1845075773242,250.3665761489901
538,731.4213594891144,250.35230838939498
539,754.6447461642231,250.13016246791994
540,775.3045528096861,249.1343839090077
541,795.2834294102522,248.6890175110415
542,815.7465902609862,248.69038293768327
543,834.8039172753845,249.1316190810156
544,884.622054282083,252.3436379972257
545,903.4322315474936,251.36543198956855
546,921.8876172907846,252.36675169424186
547,943.6340091507905,250.36682024702498
548,964.5729341631248,250.36680728017717
549,985.5200451440223,251.36675087076628
550,1005.4672944225874,252.36670393290652
551,1.2363734407064035,274.0373757128093
552,21.27258628401585,272.4631234788339
553,45.95531753249976,273.81956904291474
554,79.00787512108762,272.74890384868615
555,102.28645161925981,272.201816468935
556,126.03355157146895,271.4872949984082
557,146.7370619714134,271.3718898557696
558,168.33335363489007,271.22350465522146
559,191.57167258416897,271.3678530001881
560,224.76153460646884,274.5385131844799
561,246.96880863640553,275.15283795131825
562,294.5820132322146,270.8446840594213
563,316.5491113793921,271.5175593572418
564,335.08779950615474,270.6147488184032
565,354.7202217198611,272.2421074608003
566,377.0749994030223,271.6163651562865
567,398.8545854571319,271.3675722675954
568,421.018640218998,272.4553828405137
569,442.5431047493153,272.21555782681526
570,458.82379369293204,272.09864170994234
571,475.0601117640214,270.44097939983436
572,530.4287032764692,270.7241973190106
573,545.0890676014536,269.2680130422849
574,563.469867501961,270.78636043226777
575,585.5832028100523,271.625639825931
576,608.3620543612407,271.72305051362736
577,631.8471887329662,269.95961990907585
578,649.3939529217613,266.9905701365596
579,670.310886847537,267.6914713776376
580,691.2269778683046,267.9867616673233
581,709.7643512847234,270.9591431006275
582,732.0075580493102,271.76048995837124
583,753.8516662230052,272.7287072532869
584,772.7389063130086,270.5076504701145
585,793.581890715317,266.2555314262846
586,818.2010739783618,265.7277559240316
587,837.8765668746288,271.8154083786045
588,858.9715370052455,276.57403208782586
589,883.2225915760076,275.58288985108493
590,901.7670138467057,272.8284763783923
591,922.8053154486337,273.3563578144463
592,943.630623918462,272.3152399867203
593,962.5723134146491,272.3129096318965
594,985.5187630753327,272.30886703315144
595,1005.4672963264308,273.30551620902054
596,1.2610194185785906,298.11098503754744
597,21.192796075545953,295.4833750713902
598,45.4433407990354,292.16584171865287
599,64.14744810619699,292.14307676525885
600,81.57312967850172,295.2083716007549
601,102.05508600012276,297.8919932105093
602,124.22448476836166,293.89162373796194
603,145.29445974690336,292.61339119293325
604,169.68263821421723,292.8556713888776
605,192.08747169118283,291.6930214430271
606,212.23611009189366,292.82112837104813
607,226.79445148432052,296.6251871222648
608,246.83019778300823,295.8853229114819
609,319.1347350482764,292.454523646454
610,334.85190409361275,292.7647030771316
611,355.0025580572879,291.95110126328325
612,378.09156099311815,290.4527845145475
613,400.89898421599764,290.0285823387257
614,421.3782603112871,293.2038309583733
615,458.42968829721525,297.71295748393743
616,476.49737917262075,296.95561276985825
617,501.90021147276536,297.9710081331624
618,524.9751130884954,294.59586545755127
619,544.4905386665109,291.99875391067457
620,565.1563892505436,292.25464656078543
621,585.3411092189558,294.03612927197366
622,608.7146151162157,294.13752225488213
623,627.9599989575129,292.4194944792662
624,650.5521177338487,292.4571750900537
625,670.2926316621421,290.2262932451026
626,690.0261365430487,290.3324815397103
627,711.6542968273927,291.21069241045893
628,731.7156090671116,292.0294111486713
629,751.1905143136793,293.2381484893997
630,768.5711853971628,292.26415041174386
631,842.8394259157745,295.39263617252396
632,859.7137483104837,294.97805673741203
633,879.5106476069805,294.293609800636
634,900.969199620273,292.4912904365294
635,922.7066659418656,292.2800919820004
636,941.6243575784246,293.2594919241983
637,963.5537163690058,294.2325903536585
638,985.4774094208282,293.13317219579807
639,1006.4673577335744,294.05048426032266
640,18.637151420058952,315.583824739965
641,44.97709222227423,315.37558967719696
642,67.98169300293347,321.69813652031894
643,83.3213562072035,324.07553126616097
644,98.94591676187648,322.2660063273313
645,121.19964855122429,317.5311682894349
646,146.18895915041097,314.9484748318781
647,166.8793050730211,314.13424479173364
648,192.74849995791675,313.71114508240856
649,214.57334082849601,314.8394601550184
650,245.42442602474284,317.66983696982794
651,292.927542365017,317.41279350335356
652,316.2810317250291,315.67847473286076
653,333.4770528282349,315.7554579630103
654,351.4174829919281,314.25368042463055
655,403.3349528165217,313.0603586613457
656,424.0246549633944,313.51736994179424
657,445.7374412219979,313.4188985263267
658,478.29781145526016,319.1271342596618
659,499.5674815356039,316.5827627210812
660,522.8674206788352,316.42965923656845
661,545.6576331303858,313.20727373674805
662,564.5732493726612,315.1137106411178
663,586.7378855423277,313.41335413877266
664,607.0023199600007,316.2178790064431
665,627.4603548616608,314.7851582843502
666,649.8667819525111,315.0035659634199
667,670.0812617820643,313.18476592069266
668,690.2114517060998,314.9896615887183
669,713.1551263050628,314.08086413231064
670,733.0052339944449,313.2216621864168
671,751.9733409347476,315.77037782351863
672,772.9494377934478,317.2732064315965
673,794.3821109020904,321.3856603965388
674,820.0576038977879,323.0078841394624
675,839.5646421587759,319.24125141512275
676,859.7712286196601,314.20691156172717
677,879.928801727699,313.3970212084408
678,901.7538799992167,315.2386360153931
679,922.6795652792555,315.210302211068
680,942.5969423316419,315.1894825909764
681,962.3408516490947,314.9764128777139
682,985.0026872039492,314.17225269712605
683,1005.4680563743258,312.50336473084457
684,0.49714849367461034,330.42506646079505
685,21.960074301482933,332.2314916864893
686,49.367209470165335,335.1795547426345
687,117.07636198993389,335.85178990381326
688,144.0833993447024,335.7009999861052
689,167.47832922625182,336.388866938688
690,190.25635719239136,335.77802585097146
691,293.91508481529627,339.3473886209649
692,315.0425400993203,336.21676207641616
693,335.1547501364997,336.1234899926643
694,354.7940682343292,337.5015240047053
695,378.0570655188839,338.9655200938066
696,401.49369339478966,336.3663960005079
697,421.3067286335473,333.80943062544435
698,442.9689302613213,332.2525125122579
699,463.40574511661015,330.0028793409142
700,496.8635056125188,333.77207258640664
701,520.8810665443357,336.197032302005
702,544.4318196811399,335.16602386812826
703,564.7125491077767,334.2223769945364
704,588.59600999853,335.7974115933028
705,610.7821434831511,337.6757766851775
706,627.3760626444385,338.0891229588492
707,647.0341520306163,338.48635184344323
708,669.2775292168863,334.66369760982326
709,690.1309432337157,335.1885234813426
710,712.195721033065,335.14965458410813
711,732.1070200561446,335.14260583414347
712,754.9207538422819,334.30283434373047
713,775.3552139317518,335.7056795095944
714,799.0353240121419,340.68804281267086
715,818.3327476450014,340.9629007044915
716,837.2071408573229,337.67324921921136
717,859.072034347655,334.9442582492104
718,878.6877767250446,334.22274307760824
719,901.7277035280626,334.1588230998929
720,922.6737122217314,336.1557070620638
721,943.4982136726488,335.11792617691344
722,963.5349002825461,335.6445014499601
723,982.2043098281745,333.8418903516758
724,1004.4700576934027,330.3410569787685
725,0.5267659638330658,353.2280390495728
726,22.983292309734843,353.5601216343888
727,48.436174644012,354.65667700650266
728,120.20641842227346,353.1245481830672
729,143.80101671686862,355.69143970686383
730,168.51700657676824,358.9400674242112
731,189.7751611955614,357.53802763858636
732,212.07002331965123,354.89298629093224
733,228.95404490426705,350.80934558836816
734,248.2954965391059,354.56711967091275
735,294.10401545671067,360.9863641045138
736,312.90528824715034,357.532679789212
737,334.9417959928086,355.85443156422593
738,354.4651878822954,356.1774200207014
739,377.0447773705234,358.8088246857041
740,398.5497450652001,358.1118399995186
741,418.54256167518616,355.0302771246468
742,442.4678647036511,353.5061778431188
743,462.1320810451133,351.03727641066627
744,480.2581406155047,352.24989412368853
745,501.1902811881812,352.56662393585475
746,523.6228174801884,354.5716929010063
747,545.5369714427502,356.07947750619707
748,565.009846297998,355.33194222627594
749,588.7392818994185,358.1346574285276
750,611.281370098128,356.80392432850505
751,645.322561440617,356.3330644388374
752,667.5822323077516,357.1217485597067
753,692.0468775975687,356.10279245705806
754,711.165728804168,356.08197626463624
755,731.9091805229041,355.8580079537566
756,752.7356687492768,354.0352709816373
757,777.7485357065027,355.48137160976444
758,801.317198860914,354.5429529602831
759,835.1965321764959,355.2562653437098
760,857.1618733347631,356.1383017762985
761,880.5770471042038,357.1055740872661
762,901.7249292188459,357.10529832721255
763,920.6882438885552,357.13048410983265
764,942.4546585320504,357.2284699985423
765,961.862217645746,356.31864757249195
766,980.6620079141943,357.2477788123477
767,-0.6937856469799975,376.3006714419137
768,22.76665501443462,375.3389726202371
769,44.73595814720563,372.67934834330566
770,65.39620369921298,367.40081231574584
771,103.24017982463032,368.4668329402864
772,123.15668175244758,374.49537787591436
773,148.08952581572382,377.83190196437783
774,168.64656789773576,382.50072276827353
775,188.256429393536,381.4449297282303
776,208.00185693516045,382.9238153582919
777,228.67326087641226,379.52673057284915
778,252.24185647341739,377.6402332534983
779,274.71986832442866,377.8596268722667
780,311.41580543347794,376.0907553008022
781,334.4820014132959,376.2118582278728
782,356.8526311744255,376.3921838668274
783,376.99881239161874,376.39251245860044
784,399.02278777485174,376.2074082991334
785,418.0082343620705,377.03406054596445
786,440.16674089358213,375.69378219449743
787,462.35480297432827,374.807864951322
788,481.7439723046548,375.2220692030745
789,501.1995540060953,374.9914763396232
790,522.4548278270178,376.8242335318272
791,543.7318101646421,376.0808422644415
792,567.7316253404472,376.5282901351181
793,589.8654904702438,379.8473552113622
794,608.781570307071,377.5500565428843
795,626.1052389881439,374.5505149510902
796,647.020805325326,374.2542562809157
797,669.1527705233376,377.57674427017633
798,692.1209406203945,378.00783688265244
799,711.0636874618897,376.00401302221
800,733.0814745480034,376.51947563064766
801,750.8494678422588,374.6646117644694
802,777.222483208691,373.6958486461626
803,800.4163962675955,371.6482225608009
804,818.8614222817341,373.72539465542815
805,836.7523861712327,375.68347356852473
806,856.8131460994408,375.5339944951452
807,879.6579355135613,377.00832442229006
808,900.7499354492649,377.0619244568145
809,920.8851739888686,378.2349116612108
810,943.0071054071357,379.0152677464838
811,961.6407013362752,379.19128174049314
812,981.8073692078297,379.32642146462786
813,1005.1995350925212,381.09525709113257
814,-0.7750489805731704,393.4273420893111
815,23.0784713594411,395.233611437304
816,43.09796044923415,396.6008862170613
817,59.76546867650372,396.03025350994335
818,106.46416980694066,394.97426427652596
819,126.88630539629759,396.57688423776784
820,150.5416952296741,397.7723339561257
821,191.8430139594715,400.4828966935063
822,224.19460880953113,399.0773132038466
823,249.61159698145488,398.8677448475706
824,275.2731819645631,394.70162089043356
825,292.29267638042927,393.2323952155009
826,311.1712402330236,397.04537341835925
827,333.65835229261756,398.7520457320308
828,355.9750902962017,399.91371365657784
829,376.510350034964,400.2723375944312
830,398.72389071333185,397.3617000146381
831,419.9008392511838,399.0424430972052
832,440.9087218186973,398.96699376442564
833,460.8815747893652,396.86224530881714
834,481.7880295597888,397.78639244712843
835,503.7110271901107,397.9027653187725
836,523.7127095288961,397.10449640790574
837,545.8350859903345,397.2091332453051
838,568.2616322650856,399.1066948885841
839,591.5453662583172,398.7957472253153
840,624.6054241855682,396.296734404287
841,647.1475704284883,395.96597295362454
842,669.8723346619917,396.7684354737092
843,692.2138866000834,397.98371704563255
844,711.982997610156,398.00616368443406
845,731.4141652199148,398.0116958903977
846,751.2798746638409,397.0183720822015
847,800.3564924121404,396.8208579206409
848,817.7336608937552,395.2335633347294
849,838.6237501349573,397.962682218089
850,857.6171162557189,397.76727691240814
851,880.7560128622281,397.97693843982
852,899.7690236433225,398.9603211711609
853,922.3375777644483,398.8618425336014
854,944.9059216783394,398.79725071953646
855,962.9592576756653,401.9331892745118
856,982.009263473941,399.87767988016077
857,1003.409096405482,401.1526267141657
858,26.717273028922353,420.390961129123
859,42.61067353658546,421.54399837391225
860,56.55777741707676,420.49288803142963
861,82.77143256902885,418.1864999697654
862,109.90967667792924,417.32818144362193
863,128.19430098349406,418.15850183534343
864,148.53584632829487,415.708940354948
865,169.79898560478935,416.62517776812007
866,193.33247948941587,415.01796606695814
867,222.9672345220686,416.79336080156577
868,248.83085211456472,419.21175872970076
869,271.5251136221556,416.89028774593464
870,294.606024826831,418.5155112061099
871,314.26835353768587,419.4794225007992
872,337.4675781715472,422.9574707015075
873,355.0746539072027,423.8007157896781
874,374.50708536721606,424.1871484892763
875,395.42163124045646,420.51122520527275
876,418.58643104231527,418.21785625280677
877,439.8591636166593,419.96389627557505
878,459.84270778199084,417.9430957170073
879,481.8336140516355,419.98353829058675
880,503.00498143135303,420.296844067537
881,523.2012860334156,421.1834789450596
882,543.7128553369838,419.7303178556009
883,567.0747026593482,418.4868250363914
884,589.6213467273557,416.8383581910758
885,608.4849989431287,416.03033115802754
886,625.1041762343847,417.4326326231134
887,647.2912916362097,419.3093662683558
888,670.1838339221559,417.90356261021145
889,691.2878689803377,418.06969018107804
890,711.0728018192783,419.1991720751058
891,733.0669840147245,419.59915219871783
892,752.7554818038665,422.30027311465756
893,776.0254206022001,423.76716784215847
894,797.381698806374,421.19523186841184
895,819.0407972392319,419.28825069256015
896,836.9909679809041,418.8662108026169
897,858.8236888987828,419.91792514526253
898,878.7624575507563,418.934503375855
899,899.4356979826672,419.7306099134457
900,922.3547197131946,417.1937328299809
901,945.7033005178041,414.5558514943716
902,982.7183466159819,417.51007848738107
903,1004.8362776333579,419.1368551803966
904,1.8152577704729669,442.604856405879
905,25.594676590548,442.78859920483023
906,54.072228503951045,439.7176118840346
907,108.74472869907528,440.79368400873113
908,128.54843634331553,439.8485216252079
909,149.44370780669237,439.3023151110624
910,170.14945775042358,438.7521986400066
911,189.83657628108912,439.328647158333
912,206.9314893108086,435.4658877209183
913,226.53429636409837,436.05138201822257
914,249.99961992057456,440.1656576924712
915,273.3308537860132,440.7484300851266
916,294.50111556522336,441.19788074091355
917,319.3058813695151,441.1190555407715
918,339.98008575869443,445.1909785251295
919,371.20750100905195,445.2203937479006
920,392.85903464043025,442.2513090588481
921,417.6990767745309,439.41863783973014
922,438.75763800589647,440.94510843817534
923,460.8668708503658,439.92293855269304
924,483.14226875186995,440.16969170409516
925,503.2806900477263,440.44073072577083
926,524.9940058118325,444.9046944069074
927,543.141029327947,445.71739000053105
928,562.2660962869445,442.20732625558986
929,585.9978790495254,440.42340898468876
930,607.385196893551,438.3568350404767
931,627.8970795971526,440.0639379347954
932,650.1185920585829,439.8031098443667
933,669.4937855293183,440.130740209402
934,692.7697144344487,439.92607471968853
935,712.1800070106827,440.61109836462555
936,731.428892776491,441.1363736621736
937,752.3537267018006,442.15200681952217
938,776.0093865167302,442.6539218244475
939,797.5236708639991,441.96996788580395
940,817.1900420976721,440.1397143976686
941,838.9203796784883,438.9172148654303
942,857.8356161144583,438.8966991714976
943,880.7432958332811,438.8933144289628
944,901.0409658783648,440.8912954471398
945,918.4350471612995,439.6391823267569
946,968.0075184507622,436.94959194959216
947,984.7458286596287,438.7885166045325
948,1003.5108080021573,439.5036339190492
949,0.026598502721684847,461.98648783469383
950,24.666473268164644,460.63014619532987
951,40.94325598203551,458.86864066216026
952,59.0641004509852,460.8174648964898
953,81.87715712560218,464.2668386219576
954,107.84700854363193,463.9425994321935
955,127.70730474697739,460.20150697333486
956,149.4658396207016,461.7081262673147
957,172.6413621847344,459.3730180137361
958,204.68422859959045,460.02745547617576
959,229.1583289325437,459.8874872259316
960,250.87493634615907,461.7064365735807
961,271.47199922654676,461.8398972542082
962,295.0940086056286,461.7900514090009
963,320.2597955540461,461.31825047422757
964,357.10525912610467,457.0299818242081
965,392.9894894160796,460.4527123066001
966,416.1272869029425,462.0346418240766
967,439.6825610239221,462.09330155891445
968,461.9473127373991,460.1194191894097
969,482.98234118314423,461.4835083587089
970,507.7262175726355,464.1714249023682
971,527.4925111959108,464.6398863336999
972,561.7812002226108,462.3500364383331
973,585.9673270537919,461.9919405208591
974,607.7704383386234,462.66973776854195
975,629.3701110999004,461.41997831940614
976,648.9553581931073,461.88823869464386
977,671.1099450907851,460.5845526851566
978,693.5417012747407,463.17074181354354
979,713.2054701115294,465.65553586106057
980,729.8479183350865,463.1975676775527
981,753.0701276901548,461.600247789108
982,774.9218748970716,461.3081771982966
983,797.0110633349414,462.13167365709296
984,815.9873141471634,461.03060871070016
985,836.8894749554339,462.06083570176736
986,858.7929244984844,461.9698445304032
987,879.744831027643,461.8751933034699
988,900.3808925735908,460.02143812900084
989,920.4153662493312,463.14741407923816
990,942.1091956671792,464.2736765971094
991,966.589680390668,460.81308142455265
992,983.5626600587492,462.12034160137074
993,1003.942580291827,461.20451071762557
994,-0.7730611277460261,481.74131871004505
995,22.474943175962512,479.90049771871827
996,40.66332449881057,479.37384146240606
997,62.82376031900936,480.8127212891135
998,84.61394242643499,484.1354534336046
999,104.16468427713396,481.6146095568732
1000,125.97271748627186,482.90435781127644
1001,148.68118540445096,481.2737026617992
1002,168.9377573143463,479.45572720333666
1003,189.7976407056048,478.06779147744226
1004,206.67579950351328,479.2872590658522
1005,230.34429552868158,481.83926414703797
1006,251.70959479379962,483.7449109560663
1007,273.2042923210904,480.9693131908809
1008,293.29722572380956,481.2662291946668
1009,316.8770388685848,480.2002307138422
1010,336.70594760567076,475.43183599692856
1011,357.1314612586476,476.4889076755244
1012,375.7328099117433,477.6631613047171
1013,396.8720721078561,481.2537098695166
1014,417.10991007914816,484.18170677413445
1015,439.7723968618888,482.80711107384
1016,459.815950475467,484.71302814641484
1017,482.04623891733604,482.75867942242667
1018,506.30816579591243,481.3498973667742
1019,540.8502416046467,477.8966440164099
1020,560.7128240214181,479.51014810453154
1021,587.3170919975762,480.81460464877586
1022,608.6414564197007,483.08493865372503
1023,629.4112580306318,484.6236014472239
1024,648.2546765729747,483.11610955384793
1025,670.9769153655742,483.31016863783265
1026,695.9426535338322,480.8321875934912
1027,730.5709987269578,483.0179508002655
1028,752.915324548011,481.8233196466523
1029,773.8688885464517,482.5155391999559
1030,796.7206463452395,482.0811505747753
1031,818.2583952303636,483.16165425674393
1032,838.8066130526197,483.5604965251423
1033,857.3041387651391,481.73838770282657
1034,880.5563706079927,481.0073116306722
1035,899.6592963848183,481.8551271013251
1036,922.6131110858112,482.1768343055032
1037,942.315649826263,481.77318984791975
1038,964.1460642110511,481.3214235209999
1039,984.9802295109776,481.377057057368
1040,1005.8528846463537,481.8311208779633
1041,0.021082412014602567,502.7139274041619
1042,20.00762391963936,503.6408907294374
1043,42.9238559927707,503.67892658529894
1044,61.78596763512408,503.9500763966773
1045,83.7743873560835,503.12107768949545
1046,105.74759808334436,503.0563940397531
1047,125.67880417663689,503.86102193686736
1048,147.84821156679783,503.53409943338926
1049,169.21903297684526,501.7454062592333
1050,189.55798857547603,502.5434269635499
1051,211.268325680043,504.00534383775977
1052,231.18803993307483,505.30982876156133
1053,249.0260291238729,506.02377521098794
1054,270.2978060736659,503.21326046520767
1055,292.33832964624327,503.45597140809
1056,313.782829732507,502.5388268769034
1057,334.4993333493079,499.7204497330475
1058,356.23840526085684,500.68303069850083
1059,377.7749024105663,502.2977966305678
1060,398.8593069496709,505.02611842915303
1061,419.7422479628167,507.8289915017296
1062,439.86839019791245,508.3379888380229
1063,459.8988772749844,505.9995609633599
1064,480.1546294360959,504.3247146369256
1065,503.8130682558802,498.74164794405596
1066,523.099648750037,495.7605026437082
1067,542.6969678808697,498.92229596061867
1068,565.4814619321987,502.0636373853574
1069,586.8891643368929,501.59005564180814
1070,611.2272144439144,501.8373563258901
1071,646.6551349680788,503.7546770964473
1072,669.6260377112393,501.2487495613619
1073,694.3590929108059,501.4337666871184
1074,713.3216458765833,497.96818268498265
1075,732.871811845459,501.939045717955
1076,754.3864892173847,505.5318719789249
1077,776.0759273912746,506.56422175014575
1078,793.9351677131816,505.78863572636357
1079,817.3825411398159,505.3899006934705
1080,836.3808353780744,506.65157627524667
1081,855.4088513371956,503.63378135296375
1082,880.1128844652874,501.9645125625731
1083,899.6111848492865,502.7835641156548
1084,921.8499743166458,503.75553171885866
1085,944.4812259902278,503.75030212343535
1086,963.2277072995289,502.20149108254077
1087,1005.5003763011663,498.3428001742114
1088,1.0289278183403017,523.6987154423216
1089,20.17981721977345,522.9066426086246
1090,42.438393594285536,524.7238227140504
1091,63.07063266139227,526.6105803046287
1092,84.78972571237655,525.751988799035
1093,103.50656232292849,524.6224229560439
1094,124.14065209857455,524.7347389222546
1095,146.42616363276477,522.8845721591277
1096,168.80178855106575,523.5739190136696
1097,191.22620249773556,522.476912240152
1098,214.24154283530277,524.562095678345
1099,248.5430439059036,524.6738273052425
1100,271.4728795876642,524.5463503040537
1101,292.6489087189791,522.8438963124829
1102,313.4194082673072,522.2284626484901
1103,337.1276061095592,522.3740374920176
1104,356.34201793697736,523.373705971486
1105,379.33295339137845,524.7199286681445
1106,402.87082526713834,523.5940060462651
1107,439.8895423580866,524.6811391810105
1108,477.229536997361,524.1178950035317
1109,498.3727798786443,520.4900764926488
1110,522.5756297965477,518.2028003012306
1111,547.4121861257084,521.3669936126762
1112,565.5380299219839,524.2052606918345
1113,588.5973382097526,523.5549710028143
1114,609.6853375271811,522.6641828997069
1115,629.3353448065524,520.0240850639757
1116,647.0242951394773,520.446845246139
1117,668.46334783854,522.0152461453524
1118,692.6254399783039,521.6475454998143
1119,711.3972886348122,521.9929269987275
1120,733.3341613520709,521.6531740881599
1121,758.6943493043299,524.4528378718621
1122,794.90344094174,524.1959059478797
1123,821.2737492704687,525.9927104734645
1124,879.0284747061856,523.0521195641021
1125,899.4973564195873,523.7225524065973
1126,922.7795030474965,524.6523097474418
1127,944.1932922943689,523.3495646504706
1128,962.6391493107424,523.0837217713265
1129,982.1293648477553,521.7144321751987
1130,-0.8728941295617112,545.6704596246485
1131,20.98412956156075,545.1452326236846
1132,45.33563925458165,545.9844931334643
1133,64.8922572826558,549.9837827876399
1134,83.83127762258015,550.3787825464262
1135,104.70451012838441,549.1649364847593
1136,122.20244923582861,546.1092604005383
1137,146.5825124220936,544.172864750024
1138,167.59246595015188,544.645577054673
1139,189.5930229051348,543.2113821325713
1140,212.78512937030973,541.5127821524827
1141,229.37521876758746,541.9409752280005
1142,249.98595143312258,543.3270537867766
1143,269.57087824887503,543.7721862191564
1144,290.083676508317,543.6121512326796
1145,314.0825319895871,541.4069040797976
1146,339.2094008091204,544.4467377721252
1147,354.49137532948254,544.9440084387093
1148,375.31217816954086,544.2600751127646
1149,399.49824812222334,541.8353532525689
1150,419.98977458378823,540.2702087300138
1151,439.8944239564514,541.0131439990507
1152,459.6552938786274,541.3191236058341
1153,478.0034247939415,543.2696417528758
1154,497.1056276131791,544.1611776897292
1155,548.7578211728955,544.602475421603
1156,566.4951861010647,546.9772349184663
1157,586.7242150106556,544.674737881911
1158,608.3044437596855,544.8747813833381
1159,627.1143385255062,541.2985628058885
1160,649.0258121524834,542.1715043527132
1161,670.1174808266685,543.4425171080721
1162,690.1929306166888,545.5959742813775
1163,713.2856797611355,543.422659419457
1164,734.1286246203023,543.9985644424748
1165,757.4050054419862,541.2940948607386
1166,775.3810880297755,541.7808807168882
1167,797.4048598113878,542.8083352034122
1168,820.3574171682654,543.1500512983346
1169,853.7114318765333,545.0474166027573
1170,879.0357896345039,545.8600071843073
1171,899.4835980076232,543.7310832929209
1172,920.6927711479864,545.8237424337536
1173,941.7343144036082,545.5842515860369
1174,962.2453750172372,544.3480116632783
1175,983.7677199340245,546.7235256012548
1176,1005.3909190708084,548.2208039018324
1177,1.2095654522260757,564.5753593613691
1178,21.657748950512445,566.5759233563591
1179,44.943788627521045,565.5942483086411
1180,85.30477737723012,567.6070254666171
1181,122.1475331325458,567.6074589411675
1182,144.70472541538336,564.8100007409081
1183,167.46159984771813,566.5747494583233
1184,188.21034794450884,565.690579394489
1185,209.16118304830354,565.8402944275724
1186,230.94690177453865,565.8529309059462
1187,249.5033836377039,565.7706153878161
1188,271.74229367085195,564.3576292027709
1189,289.7544003532338,566.5545977415856
1190,340.2025347148258,564.5934401156044
1191,399.67683334516505,565.4267266420204
1192,420.4103304164161,563.6336147676799
1193,439.9274399592749,564.5369388305281
1194,461.58171685468733,564.7728871183633
1195,480.46846480804226,565.2825771847472
1196,499.7985632919663,569.3304365145482
1197,525.7876346865852,570.0122802943218
1198,549.1223941021627,569.7231045942544
1199,568.227429003914,568.639191986073
1200,586.6622337618755,567.897514470992
1201,603.6006950797005,565.3441662352211
1202,626.5360924187191,563.6546161739997
1203,649.8402131770672,565.3750789065107
1204,671.7981008110323,564.8110355193073
1205,692.0782492830937,567.0159643447976
1206,712.0742891490409,566.7753079562034
1207,734.3424121672755,566.4304836422818
1208,755.6513688501078,565.6817758171471
1209,776.2014872572227,565.0299104797581
1210,795.6975432205445,562.9340214512499
1211,818.4684865782008,563.09236007392
1212,837.6448428633612,560.5482026531904
1213,857.0907074308859,562.8524558600726
1214,879.8158859073484,566.1612048684657
1215,901.1141479684109,565.5833844368633
1216,922.7178812322423,568.4128628512884
1217,942.1220920920965,565.8059258000877
1218,964.2640760355625,565.9037031848841
1219,985.2600863834866,565.9376851514406
1220,1005.4669512025583,566.276928799022
1221,0.1271692661822866,586.4802459921326
1222,20.98913658593508,585.0067522761665
1223,43.460342133627094,585.2107713126728
1224,64.90505042485879,581.7110464878614
1225,85.1007593599966,585.2107726659298
1226,103.70456243801607,586.0067777507504
1227,119.93613794750527,585.481082916204
1228,144.54605138523826,586.500831703173
1229,167.02712575331012,586.90184622365
1230,190.6007271506393,585.7213284526268
1231,212.39407599403256,588.3193965975555
1232,227.77147557994337,587.2750566084404
1233,249.25437773417502,586.923150391412
1234,272.3866491035336,586.9156419661801
1235,292.21602247008303,587.5374739294733
1236,316.13833939274554,589.8643940325088
1237,338.2122270169768,587.904154313314
1238,354.39439050157404,585.2701569401107
1239,374.1356362762178,588.3933014726449
1240,399.4130592158893,587.0993120860434
1241,420.074226674106,587.3512450000204
1242,438.97933129893005,586.3125256790784
1243,462.0644811422659,587.4627562396506
1244,483.1995883651996,586.1122384452633
1245,504.6469515507271,588.7852166340067
1246,525.1583019635433,591.0701174382988
1247,548.0894644899035,591.7764327041959
1248,568.6162118609165,595.0832070113095
1249,584.9709015781774,594.6899909746184
1250,602.9049690558763,593.9612511514248
1251,650.2793842966493,588.1341714749702
1252,672.1074081081979,588.7537244043176
1253,691.7567761781357,589.7556221977735
1254,712.4770210608294,586.8653010832414
1255,732.0838190821423,586.2100260390845
1256,755.585155071191,588.6104392893434
1257,775.0962285752296,587.1518780001825
1258,794.6862083395982,587.388200495338
1259,818.2274050622685,585.7301203977064
1260,836.8847190276091,584.7961863812778
1261,859.40557770431,586.6294412641503
1262,881.5739436542889,586.9576075710823
1263,902.2848116757024,588.2271067639864
1264,921.2330387561054,592.703856651105
1265,939.2718221610613,590.8708021845076
1266,960.9635175923079,587.2233600036302
1267,984.1341905987501,585.8430588841146
1268,1006.4317130414396,585.5847215598852
1269,-0.971523453640024,607.4509216247161
1270,22.187006115815006,608.2390559037314
1271,43.64808285230553,606.4192557489616
1272,65.77284592860222,604.5386894007698
1273,87.6005545159852,605.4065741793601
1274,121.33338548801042,607.4243819149339
1275,143.59718615622646,606.2461505712932
1276,165.26202970557264,606.4544323405606
1277,227.0014958919916,608.4611237318529
1278,249.7164156988306,607.472216992882
1279,270.96948853073434,606.6368398441705
1280,294.0678243071955,608.5040312897977
1281,314.9210979048267,608.7149268594097
1282,337.04896407260634,609.1132026222695
1283,355.6450862710686,606.4682189573833
1284,377.38728275619474,608.408403899561
1285,398.89691780795505,606.5187179478397
1286,418.97781761999164,608.48018017047
1287,440.0486045958348,606.5140108535506
1288,462.3391483072588,606.6641480966084
1289,482.0682131907999,609.1323340604417
1290,506.4833161117147,609.3501839801253
1291,528.586373151826,612.8371872420324
1292,550.8060495257087,614.4387201693468
1293,568.6286005223891,619.6164438587349
1294,586.500134782244,620.123919336778
1295,599.9552852529642,621.7712311437547
1296,620.9166563489847,619.78606132066
1297,647.9341627693713,612.7161419579965
1298,671.7861182796154,612.6981674443118
1299,690.1938796791777,612.1749043788626
1300,710.9540982347728,611.0797308068768
1301,733.013617294239,611.2739436982744
1302,756.9648946468461,611.0932601277733
1303,776.3414151580605,612.5646985100884
1304,792.7416183907933,611.613232332456
1305,816.6666538823189,608.3243073367437
1306,839.0152280725813,609.6837114418507
1307,857.9846997383352,608.107889785647
1308,882.3315557184355,607.7663742596906
1309,906.0876765483519,610.4754530768829
1310,937.2970744877871,614.0146727025462
1311,959.814017384625,612.0435947771822
1312,984.0203290902253,608.235007655729
1313,1005.3023450263469,607.532204619646
1314,1.0023989070521915,629.4147174304715
1315,21.97133923856998,629.387366512107
1316,43.066168158950376,627.2453636026108
1317,63.892370413875234,628.6635199505918
1318,87.10315545164097,624.8536080320108
1319,104.73678334372238,624.3972188593895
1320,124.37213289951092,625.1077052679534
1321,145.5381260560117,629.1228815968765
1322,168.10980188315975,630.1282556385115
1323,189.5619451812781,629.2175580189253
1324,212.36302337462635,626.5005237750378
1325,229.7802188060002,627.4548015429605
1326,249.34831071440294,627.8858527895156
1327,272.254207538689,629.2921213899252
1328,294.2627558444176,627.7690775746031
1329,317.60573361713017,630.6524961810806
1330,334.25551174188274,633.117328557222
1331,352.8260451190701,630.5739146508013
1332,375.0235398611087,627.9577814731484
1333,396.8670602455249,627.6512099586209
1334,418.9534066756689,629.553095075697
1335,441.1025862831842,628.4885057942014
1336,460.5816211613922,627.5871915779586
1337,483.7922386404805,629.9866243976774
1338,508.33603290832906,629.1704486445334
1339,532.0085404553963,631.8621300275705
1340,555.4939869682481,637.3805247255136
1341,617.9435396708121,635.090260590676
1342,645.1888120444631,632.594642849593
1343,671.6715841175408,629.8480199897404
1344,709.1108633397934,630.896535894415
1345,734.0417016461771,631.3096393017962
1346,757.3995670471909,630.2706133861831
1347,792.6967510286152,634.3439628033009
1348,813.9569849778372,631.9417636717652
1349,837.4545990147603,633.2678668221447
1350,857.7373408401616,633.4972852907302
1351,880.8382074358653,629.7911034976903
1352,907.0557708303929,630.4539178039217
1353,927.6753250548704,630.7804750087856
1354,956.3854874379999,630.7384492511605
1355,980.5320430370632,628.9381038159178
1356,1004.1200322075135,629.4605474889491
1357,-0.9999138563295279,650.3641942545459
1358,20.94895004968468,649.3625797342148
1359,42.924181019851744,648.3401987884224
1360,64.0737149178365,649.1251801963293
1361,84.33546181612805,647.3436864106051
1362,104.98471097328543,647.9124343589648
1363,126.72500702375828,649.4859458051067
1364,147.41301754435727,651.0388665853179
1365,166.10718060272794,649.4686979151596
1366,188.73215161887302,648.2713529080602
1367,208.63987165045688,649.152411362375
1368,230.93522455984828,647.3799770264028
1369,251.90689403999696,647.8978479341176
1370,271.94299496192974,649.2504196906615
1371,296.023513483888,647.5757886848658
1372,317.56146944087095,649.452959390826
1373,351.57520273824895,649.5501624654632
1374,374.8680728729002,651.3901363087335
1375,398.80138352013665,650.06441253682
1376,418.4859983138615,651.3976261747466
1377,438.92894211388995,650.6043973140872
1378,462.7016066692223,650.4274269251227
1379,485.28933128151033,649.5495149128336
1380,509.8272316940124,649.0817027682176
1381,534.8261311693337,651.4189601350577
1382,640.2774628825937,649.7210932840925
1383,668.0657530923193,646.5111277496105
1384,689.8384141063467,646.744407992764
1385,712.0462654731039,646.0587363945796
1386,753.234730803606,646.049337775589
1387,778.1831281806709,645.065090265981
1388,812.7913738246679,653.6596063773951
1389,838.570811276815,650.6330772792301
1390,878.1186117362031,649.1509524650658
1391,907.130159380796,647.9202081163646
1392,955.4996680260034,648.0595923767919
1393,981.5050062635825,649.9589125814615
1394,1004.1022716118949,648.3497954946172
1395,1.0000021217526072,670.3115275498304
1396,19.947338601145734,670.311446370066
1397,41.89696932624559,670.3092449510498
1398,62.8674350813235,669.286044790215
1399,83.98793944211663,669.2507288810637
1400,106.99805580050793,671.8565015151763
1401,127.46751786594064,674.5331081087304
1402,146.61336113692556,674.7948176886935
1403,163.7653906624942,674.6277666571384
1404,187.30388080531472,669.9498653626111
1405,209.3152312637959,670.1763405877983
1406,231.23663918460733,671.1435497466414
1407,251.27927926174195,669.7533453353107
1408,271.0617342211199,666.9227169166352
1409,295.4380724290188,666.9500362931681
1410,319.63666802884313,664.8904650168165
1411,337.19350383072725,666.0087984914942
1412,355.9790505827269,667.458208664471
1413,379.338388266656,671.1060056333384
1414,397.8833950218699,675.079346922437
1415,417.6814987243671,673.6161974626317
1416,439.1009538331074,670.7999087078754
1417,460.5615629139932,670.2463146709185
1418,483.23145975054456,670.9706569270026
1419,509.8714857353191,670.3615960512055
1420,536.3628036533853,668.1561781413407
1421,640.5558715193082,668.6979681009368
1422,666.1548296243786,669.2606235242001
1423,690.1794803118872,666.7991202987214
1424,713.2531131706763,665.8548668594577
1425,734.0015157387729,665.9027707883351
1426,753.4472337460977,666.2989881966354
1427,779.0439041079386,665.7185030797516
1428,800.2965078472334,664.3719771500008
1429,836.3356549050379,668.4638065012513
1430,858.1569420474028,667.4155709913733
1431,879.5862492823268,667.4349527942798
1432,902.8399259611671,666.1214772435872
1433,924.6942130842771,663.6277493924433
1434,939.3047217362018,663.3692634691319
1435,959.4718888655287,667.3488328384667
1436,983.5847914282932,670.5714383224959
1437,1005.0753631335494,671.4797812461663
1438,-0.9999986548742132,690.258765643028
1439,19.94733279240604,691.2588323401903
1440,41.89705844794858,690.2610144887686
1441,63.87478950038221,690.2873389930859
1442,84.16959539601088,692.4241634143012
1443,107.4701375286811,691.9808085412702
1444,132.7637225107481,692.7020614567925
1445,161.45212083453237,692.5812610360806
1446,186.79225294725262,691.7748948407396
1447,210.1264491689592,690.2939480534325
1448,231.18338547139464,692.2558247892885
1449,250.6284099487617,691.2665027115487
1450,267.4940626268958,691.2782069782552
1451,318.57843135778785,691.0819889749201
1452,337.13069349331636,690.4958104773056
1453,356.4906671218095,690.224503623838
1454,379.63944554261366,691.0281249372619
1455,414.1699540304651,692.2498420059349
1456,438.368753359299,691.2130247453472
1457,460.2752631320726,690.06339914503
1458,483.62769982587196,689.5990948959383
1459,508.34197189116554,690.2730366061716
1460,534.0574477228498,687.1041401281212
1461,555.0008358275985,681.7548903446711
1462,617.2475417775883,684.9737896978102
1463,642.1356350474124,687.4512150655298
1464,666.9158448660253,690.6437991972956
1465,688.9046608123717,691.5289684450454
1466,711.7739827454768,688.9837537131383
1467,731.4855685180345,689.6321368490024
1468,753.9258929358978,689.3322158585411
1469,775.7687056851744,687.4572424213925
1470,799.3917620874785,686.9475822171045
1471,817.6551881273284,687.1427379718641
1472,834.8654371456921,686.6831316704651
1473,856.7538918464567,688.9698176860991
1474,878.1661783941444,689.3246291565682
1475,904.5380071465978,688.1035704214348
1476,924.8955343269097,691.8983614373429
1477,943.7896523304208,692.5741925269677
1478,960.8200620285355,693.1799221303603
1479,980.8051014886657,693.3435032880245
1480,1003.3974175009564,692.7591983157334
1481,1.0000158813796591,712.2060066191858
1482,21.948378816911184,711.2065718335551
1483,42.92309681478548,712.2249513041653
1484,63.08778494627834,713.4372318985388
1485,84.66024372919898,713.223684440157
1486,106.51340662791898,714.5202691318191
1487,132.30973784213472,712.1631728844027
1488,160.40734910198185,709.1505345952047
1489,185.74668882062716,711.8199751718142
1490,210.11151776904504,712.193306811548
1491,230.26964633688405,712.2519787097325
1492,249.31333849989454,712.7354888505988
1493,270.9849327111681,714.5351104731852
1494,293.2418049729488,715.0259113110384
1495,316.60056108375056,715.4544175386305
1496,335.37384318590387,712.5005182530109
1497,357.2220317106908,712.6049022264244
1498,378.3492429693122,710.8664386645422
1499,398.00253815267234,708.3900359279247
1500,415.6610429773455,710.884664672155
1501,439.9769175613844,710.6433101356565
1502,460.10798688070486,712.9743734528001
1503,482.86985528829575,710.5794794416607
1504,506.301415317827,711.3766080181822
1505,528.870738577753,706.3448405102175
1506,552.5157802823192,700.7983079523818
1507,568.0155868278164,696.0683203211166
1508,584.4383606222932,695.4549537724221
1509,604.0050573051067,699.7687609403742
1510,621.0025833898902,704.2898889042749
1511,644.1585058956608,710.5724613918921
1512,669.9078293927944,711.2367378342627
1513,689.6920151164497,714.3170204976509
1514,709.1081880044128,713.0202228900995
1515,728.9053516813862,709.7978725206997
1516,753.9306108133425,709.4870129211532
1517,776.5024802456455,709.7114574931499
1518,796.4135033952114,710.562111861018
1519,816.0289126726035,710.3334747829485
1520,836.417933166834,710.0458025016283
1521,857.4785833633952,710.9757173289763
1522,877.8613755140968,713.972692264254
1523,943.6830819770247,713.0636028780198
1524,979.4798804917662,711.3841252329808
1525,1002.7130833402666,712.3305434104567
1526,1.000077438948279,734.153265577235
1527,19.952380336584422,732.1545914375291
1528,42.02272879529383,734.1962479036098
1529,64.90804525447714,734.686285995164
1530,87.48749083171131,736.6351958432662
1531,107.53428835267272,737.2606390179245
1532,125.41599314572755,733.0159209453969
1533,144.59856624812284,731.1875236304054
1534,164.40102090731756,732.7580157302021
1535,186.71669673922673,733.4549958916537
1536,209.0844956292392,733.3232361998673
1537,231.35464453225157,732.1905379433298
1538,251.12637187528824,734.3930045391122
1539,272.7845746495655,735.2064634925226
1540,292.2523971144323,733.8909876963796
1541,315.7405452017952,733.2241266770151
1542,335.4313410699701,732.3755011393752
1543,357.36412463467343,733.9392493764358
1544,377.5675934031786,733.1208429113789
1545,399.0011147308715,732.4507019304821
1546,418.4450372105635,732.1140048003721
1547,440.72345887050346,732.8891243103719
1548,462.00742166927677,732.0062962095702
1549,482.3003660550702,732.7469313959315
1550,502.84987938847405,733.0467102757691
1551,525.6697513391489,731.4926276159188
1552,548.1189364355419,727.7796941067453
1553,568.051621151259,724.4122446216359
1554,585.9339348444062,724.5297359027855
1555,605.7187141709752,727.2800714546838
1556,627.2268024588697,728.7284356781948
1557,648.1404072189606,732.479715047717
1558,673.0179270329687,735.5865593402383
1559,692.7506351077992,737.9680678922076
1560,708.10541638714,739.2675412653233
1561,727.0604690129178,736.3201001085343
1562,779.8725639552742,735.7971624538302
1563,798.3968235299764,733.034504910494
1564,818.0056473137507,732.2898109402356
1565,837.9506426000908,732.2939501087185
1566,858.591216171318,734.8754984322514
1567,880.509831395982,735.5451761389864
1568,901.918616825971,736.8254552824943
1569,921.4653924182427,732.415627238899
1570,943.7789327661598,728.663364608548
1571,962.9967586131545,730.9127164106117
1572,982.0769932109291,733.5005352466239
1573,1004.9145176823187,733.6677814729769
1574,0.0006880512463192028,753.1016120658044
1575,21.95701875405606,754.1056002760213
1576,43.109128520294085,753.1102449437064
1577,65.6719100628885,755.1495696999623
1578,88.67289666629702,755.6164704111316
1579,123.03409392273905,757.7327233034613
1580,143.91295343834585,754.5512383234385
1581,165.16821243499263,756.5870257232253
1582,184.92599079090272,757.0967187962416
1583,207.40902163051624,754.5917767500493
1584,231.28891748486075,754.1444753712988
1585,250.34133271075018,754.1322265704795
1586,271.26888446858874,753.2348101201869
1587,294.26045891624926,753.3221542832206
1588,314.25342920148853,753.2369862590268
1589,334.17846271206224,754.1270532647935
1590,355.1247118622863,753.0701732926891
1591,378.09370344619344,752.9708578844226
1592,397.9998275175708,752.8908458072892
1593,417.9105864585944,754.9743472095337
1594,440.8990209051025,755.062465391974
1595,459.9158146288896,755.0374210648523
1596,480.9879464862017,752.9006391107032
1597,502.14370279544613,753.585683696159
1598,523.3318594592622,751.9931208672316
1599,544.3942987608159,753.1579791862506
1600,565.4174000931359,751.6480806082444
1601,586.8744260351536,751.3757565019209
1602,606.7563346048692,754.5873114183079
1603,650.6443082608198,752.2696265711738
1604,674.9193208933592,753.3936595218757
1605,726.8504549327639,755.0173028904229
1606,755.617504104407,759.6660587992382
1607,777.6369671907878,759.164547645734
1608,795.3670831729163,757.0709988525895
1609,816.6124926164044,754.684988290941
1610,838.9961386820421,754.8688310815522
1611,860.040212437512,756.2836226986875
1612,882.3343216887899,755.8111608276714
1613,917.5245730427519,752.1610563100314
1614,942.0922663667407,752.7001836862113
1615,965.4515789473985,755.4898799881465
1616,984.9675398533577,755.8699159723562
1617,1001.922743196646,757.1866336250532
1618,-0.9810325900778686,775.0760361005572
1619,20.9948251172244,775.1734613768069
1620,42.03107163669516,776.2153657247876
1621,64.06837069145881,774.6775633597487
1622,86.95780271546796,771.9677143723007
1623,107.49772866545095,772.754511710666
1624,146.19191498330548,771.8889266957357
1625,186.0810299921484,773.5519655212444
1626,208.81498378575003,773.9867725416829
1627,231.21455929436956,774.0432501885805
1628,252.35796196615135,776.0488381554222
1629,273.31245865189294,774.0533834898944
1630,294.25990823353345,776.0557561759052
1631,315.1978038540303,776.0348093998616
1632,336.128208417178,773.9606289542604
1633,355.10491527588835,773.9011218539304
1634,378.0821620578462,773.9608667852712
1635,397.02820612393106,775.0502694756727
1636,419.989431483175,775.1666174318021
1637,439.90040480924876,776.2484258259118
1638,461.82396246921695,774.1478466716452
1639,481.8344439553406,775.9962932216384
1640,501.8621600264048,775.8533463510583
1641,524.882909212783,773.6485817555516
1642,543.9727895431434,774.422265073232
1643,565.8478987615769,773.6445646127346
1644,588.4643933373974,776.189885596057
1645,609.3245235529191,778.3972998637306
1646,626.773553549652,775.9252604968862
1647,648.6703973662085,773.97048723847
1648,671.795462167897,771.9939842826117
1649,693.4038885604187,767.9036536917416
1650,709.8105629742595,767.5408128500341
1651,728.1046764754225,772.1577005680024
1652,758.0401930145817,772.1761679849136
1653,795.6136004918408,776.419884169902
1654,816.6845881552069,776.3801978790045
1655,838.0401687012088,779.0474027032388
1656,858.0652993152207,778.8743576064287
1657,882.0728615453589,775.950464823175
1658,901.1339793500856,772.2747541524931
1659,918.3777426616464,772.7961719302169
1660,942.2898881840889,775.3322333877433
1661,966.2798104348011,773.8953484264582
1662,1002.5943495862962,774.1463053167683
1663,-0.7697862617669715,796.2252493504172
1664,20.464340462148567,798.0261140657786
1665,42.93303412674753,798.677001327756
1666,61.80931356318259,795.7964084276375
1667,87.04632719534796,796.192726027826
1668,107.77706476257049,795.2481087761273
1669,121.62816612003218,793.2891811640652
1670,167.58488784739546,791.3832509682974
1671,187.30661754011535,793.4942144324367
1672,207.77669541962192,795.1646464269866
1673,230.336790992792,796.9240046955557
1674,250.36388258896142,796.9926184513015
1675,273.3133911076597,794.99473451304
1676,293.24203481391623,795.9825664015403
1677,314.0328960325535,795.8166230509155
1678,334.7446599005956,794.1399878672202
1679,355.11972218403275,795.5785998244304
1680,378.48863915593313,795.1947918974332
1681,398.3922961664999,795.0601970160825
1682,420.4791399610882,797.0141874847682
1683,439.89502429807027,798.69315309346
1684,459.3306135034164,797.0182667202382
1685,481.57478322112075,796.199471852846
1686,502.7415105572361,796.9509840017494
1687,523.7414385618652,794.870740982849
1688,543.8957445885889,796.7904526999087
1689,568.3379682922762,794.7017602029742
1690,590.5058014322766,794.521058027352
1691,624.6231975761863,795.8449809333212
1692,646.8756778182434,796.4036958753431
1693,670.6786350113757,796.7339197972526
1694,713.0091002458386,796.3204320932122
1695,729.9619854837571,794.0779138326128
1696,778.7786890141916,791.2243981653957
1697,796.8072904813522,792.7606377601057
1698,820.918809028452,794.5309417352308
1699,858.5620172595625,799.0753022762644
1700,878.5993190780681,797.7737977182773
1701,897.2174188728583,795.6005787280322
1702,919.2784789699964,795.4467453770759
1703,942.5301617304704,795.511314319248
1704,967.3664505016025,794.6876098194713
1705,983.5174981316396,794.8785758381476
1706,1001.6390515066047,793.7136471696832
1707,0.031674202821682096,817.4664444410672
1708,23.258000417555255,819.2590318267105
1709,41.90579808584689,819.7519642216785
1710,61.786160264744524,819.2068843567246
1711,85.68720057687933,818.1091551005346
1712,108.9304793993348,817.0556687293589
1713,139.29334914722764,816.802803146067
1714,168.0006382833459,813.5736738341567
1715,189.52833917687974,812.5875748151652
1716,210.45072339318963,815.1387393401848
1717,229.56080407592276,815.870217321785
1718,252.374166270586,815.9397245846922
1719,273.31301433166135,816.9435441019968
1720,292.1790243916684,815.9348896289065
1721,312.34328927741797,817.5894583672047
1722,332.044977878633,813.902904568334
1723,356.1456315705846,813.3677319333596
1724,378.2478647187921,815.8895236827524
1725,399.81414835582433,817.0711534662032
1726,421.32817561934064,819.2323426485548
1727,439.89594701324495,820.7523021606553
1728,457.528915397763,819.2520343409991
1729,479.7590206515024,816.4513289694429
1730,502.61528137961375,817.9675609030572
1731,522.6934590249075,815.9088968267846
1732,543.7686311572218,817.8459038832348
1733,567.6181520963536,817.349611761403
1734,588.8506053968566,815.5129808512119
1735,608.5010837771048,811.9332794666886
1736,625.2881376337584,814.3940510039524
1737,650.5697412454189,816.4820291294636
1738,673.3207588288063,817.7923382805603
1739,709.8052978626434,818.9349219997501
1740,729.6149769110912,819.3046461367185
1741,755.1891153817519,819.2748556635007
1742,777.9896649988939,816.373669078501
1743,797.1521349980303,814.9578999578506
1744,818.2309910551913,815.5419482273963
1745,838.5462966833039,813.1380752470815
1746,859.351803133479,815.6037748665041
1747,895.798817873172,816.6910410982108
1748,920.0853346027553,816.8371880541667
1749,944.6590659750252,816.1993335370817
1750,967.3897318674035,817.2199494046732
1751,983.5198474905794,820.0528245640726
1752,1001.6396187144602,818.2224930671593
1753,1.7009411865142015,838.0988457242237
1754,25.71651913582508,837.0164400861577
1755,60.15814763279096,838.847196302129
1756,84.12187063218327,837.3473465295558
1757,106.38093647587374,834.5291049163461
1758,122.35087167359197,834.2311628388688
1759,141.39245571084226,836.828018039639
1760,192.3460057047717,837.0769121850271
1761,211.26833606383448,837.01903914905
1762,230.66095920602763,836.9181745087379
1763,250.37859417414745,837.8923541570035
1764,273.33633981353,837.9083972436663
1765,292.3070298351012,838.1183519876646
1766,312.06142590099523,838.9261991197376
1767,332.4369193312408,840.7211662977331
1768,381.7382042793897,838.9807591220047
1769,400.9635168390857,836.8753461119579
1770,421.84684617318794,838.8834285306292
1771,458.02855317779154,837.8880469201365
1772,479.08641044443516,837.887874713702
1773,502.52600449718307,837.8856024941005
1774,523.676154202932,836.8813892937931
1775,544.6590664170575,837.8584408084203
1776,564.8074406937402,838.6427581076807
1777,587.0390947395135,835.8376316253247
1778,608.4758076256829,837.1656618020778
1779,629.0523035329893,836.8195301174014
1780,650.3274725392607,838.4316973898425
1781,671.8319637698088,837.1719676148285
1782,692.2388641420399,836.866047656304
1783,708.6077901867485,836.2647965211878
1784,730.8103888988808,838.08463543957
1785,755.2298049248891,839.937600482586
1786,774.7825677473417,840.3589553311958
1787,797.2149706470914,840.4382595060463
1788,818.0382394708871,836.8519811568524
1789,838.6864620257293,836.9028142223331
1790,859.6046693978708,834.5636772774706
1791,880.5539387284122,833.8431281467123
1792,897.3994711513617,834.5502066528867
1793,921.8560995622598,837.3656758980894
1794,945.2184655996829,836.8188836495141
1795,967.4233724746994,836.7673845196043
1796,1002.6121246730231,838.775946147924
1797,2.0317438825440535,859.0218455794271
1798,23.743896488361568,858.5577075432635
1799,41.66902428933407,856.262172031853
1800,60.54877443100306,856.5616195294019
1801,82.01830804229162,857.2258964372468
1802,105.90587026981483,857.0507160175384
1803,125.27617424180684,856.9757154597378
1804,144.82304088509346,860.6572471311455
1805,167.0883667595426,863.5879891178165
1806,189.74007428796668,863.8694762983718
1807,211.07942505629518,861.4578591493436
1808,229.35228887567922,859.1264461079653
1809,250.351173468705,858.8600790366241
1810,273.4383815682944,857.8830363233952
1811,293.1867959913646,858.4226918264197
1812,315.5201541236529,862.8725047733733
1813,333.2796135344937,866.054354802008
1814,353.45007312589735,864.9481215487651
1815,379.37593189334774,862.5694156674681
1816,399.74965270314004,857.673555110353
1817,421.3326397761656,857.4350652817122
1818,439.91386315401854,855.9739798493243
1819,459.5388484689715,855.5140485997987
1820,479.75587322550405,859.3249839719766
1821,501.6076964765852,857.7997593216918
1822,524.6762377253089,857.842368157764
1823,543.6295670182335,857.8371005111912
1824,565.5940868391812,859.806430013743
1825,585.5672800422262,859.7086192566651
1826,606.4946674151568,858.6530751835231
1827,627.5718701422634,858.8577448073883
1828,651.6049002674999,858.3048623610518
1829,672.088228796206,859.2613073263439
1830,691.2405194317253,862.0067116299332
1831,710.4142169664885,861.1630517990008
1832,733.2431815501209,860.4183870868205
1833,754.4930366737455,861.4411868466829
1834,778.3576866824583,861.8437202086769
1835,794.4992494784647,863.632095902508
1836,814.4721780858862,860.2249863921298
1837,838.0599729299686,857.9307836089808
1838,860.1820089029457,856.7207996490613
1839,878.7599468331126,858.1085660407355
1840,901.2181666910463,857.8014288537648
1841,921.5781361446449,859.5674109236975
1842,942.6519805794715,857.3365420691354
1843,966.9459914195679,857.6829017502383
1844,984.5610381367501,855.3579543664873
1845,1002.1113166211221,855.8565074240556
1846,-0.7674603608492191,883.36756028071
1847,20.171293877944542,881.0929416464777
1848,40.93367137813221,879.7447017881515
1849,62.433640152791405,879.234202856949
1850,85.06237039897141,881.7150426340579
1851,103.7362056042955,881.5259029269415
1852,124.01205833263853,880.1535602473176
1853,145.77814182001833,881.7336886737493
1854,169.74417778923657,882.3482473364137
1855,188.91163761250687,883.5842020998865
1856,207.6467207249336,883.0515527762198
1857,228.4347957353523,881.4070119808493
1858,252.2344274307875,878.8563489560129
1859,273.54483029065057,880.8119436960799
1860,294.16159852505393,880.0434628116492
1861,317.27069226073337,881.1190107004077
1862,350.62844097941155,881.3242576529358
1863,374.4971181800556,880.8972297917273
1864,396.77611264697566,878.9542793297956
1865,419.4759976952964,876.4273628179099
1866,439.302991126247,878.3999866383773
1867,460.5104582969847,878.7660551375483
1868,480.55572914860056,879.6931772300817
1869,501.7296070357507,880.9198220646733
1870,522.6774922355529,878.9948349506805
1871,543.585827109038,878.9105321992721
1872,566.5582284855768,878.8112333628378
1873,587.5500024387458,878.799563712002
1874,608.708393763583,881.0052335100662
1875,628.1433039577014,880.8077937180051
1876,651.0834918652753,880.4551713475778
1877,674.6494866872531,881.688596751161
1878,708.4592386328393,879.718425571019
1879,731.671437490891,881.2705082792022
1880,756.8712578279034,883.046108776075
1881,779.7861686031075,884.370568687238
1882,813.142904636017,880.1440277288419
1883,835.0979275362262,879.7627660302818
1884,859.6647697253326,878.6514528318679
1885,880.7749842553815,878.5733563179393
1886,899.6932140134828,880.659095136748
1887,922.7361852137119,878.7844649193232
1888,944.1542577919138,879.9274576226835
1889,964.8264430009374,880.2138959691035
1890,984.9462330973532,880.8174514108223
1891,1003.4388649649171,882.2765794874339
1892,17.413363356564272,900.8355728087399
1893,41.837537978444715,901.5962678570103
1894,64.65001289481847,901.839671884467
1895,84.78825604198752,903.2755044723889
1896,105.02662251622779,905.7998066614321
1897,122.5343866484166,904.777762993073
1898,146.52800858602316,902.347309410685
1899,170.72387037607584,899.964879809505
1900,206.39406484792443,900.4468905033992
1901,229.70372333959148,900.5263630005537
1902,251.97061659040736,901.9853055294305
1903,272.5736942919976,900.8770741948415
1904,295.32101468208504,899.9435549945969
1905,317.7674374131246,901.8956290718876
1906,335.09569506759556,899.8751127368478
1907,350.42121853472565,901.9084657878801
1908,373.3367139272168,901.5220773985611
1909,395.6771395400239,898.6836588843076
1910,420.0763203411048,897.1251210584185
1911,442.64466257541187,899.2968999679179
1912,460.86362876539044,902.8190321957612
1913,482.6044123536406,900.9243524711896
1914,503.0209682625667,901.9896758278495
1915,524.6525735047802,902.4509407384865
1916,543.1117895275031,901.7644690309426
1917,564.3515454684081,899.9676337800543
1918,587.6213571784684,901.8006306672357
1919,609.5041878807742,900.2511779712972
1920,631.8553660641471,904.0015370649365
1921,651.3964553722419,904.0257383091202
1922,669.3129162513453,899.7259889807412
1923,691.2355863677983,897.4269568297932
1924,710.9799939545412,897.4550332959482
1925,733.9185176424502,900.1561163914024
1926,758.5324580167735,900.8535595971243
1927,791.0926558211688,896.6961014136575
1928,813.3244497345014,896.4467233535203
1929,837.8589867415948,899.0039112050381
1930,859.723712638753,901.6699201259781
1931,879.7805397776215,901.7216524092553
1932,900.763474207905,901.7462142643066
1933,923.0430350520476,900.0026952620701
1934,945.316487634138,901.2965049809679
1935,966.607742853778,903.9631934391351
1936,984.7065458048133,905.0457858357944
1937,1004.2722388888412,904.3483415969001
1938,-0.8722847320904669,916.9080125104356
1939,18.676872528858855,919.8772719205421
1940,43.38916247508145,922.4671803379512
1941,65.54136822483046,925.4847794007435
1942,87.31472172623533,925.5035664451185
1943,121.8724223406799,925.4922612358423
1944,143.50125590040125,922.5426986291983
1945,165.82015719236838,921.4394154890239
1946,211.15148375974968,923.7202559872763
1947,228.10573531966125,924.5834423977352
1948,250.47787433112381,921.382564967488
1949,271.9356639786044,921.7321993278359
1950,296.1871977719071,922.1504271267158
1951,319.01929846919944,921.679642886267
1952,351.66889921867426,920.6720203300159
1953,372.9108711855176,922.4344918494866
1954,394.1913721485274,921.6198087152833
1955,446.88726542588387,923.279814076347
1956,461.59083471805604,925.659530097173
1957,481.7310393628902,923.5134876618413
1958,505.01918533047905,925.5061296286442
1959,522.5562620165978,925.5345616501965
1960,542.3302002861885,923.0197883148892
1961,564.594385324935,921.321223774424
1962,586.6050092162076,920.9301135223692
1963,610.1244473678039,920.8060806132662
1964,631.2379776231876,920.6878083827838
1965,666.0158146363809,920.6466636243896
1966,688.5629280049301,919.9760057352921
1967,712.6056932758687,920.6029056071317
1968,732.8563035952909,919.8740294796481
1969,754.5679485121495,917.5181121731334
1970,774.7645446664081,913.6184784825913
1971,793.4101332633143,914.0605298834099
1972,818.5501906221501,916.8304977727427
1973,839.4646318336814,921.9628125570176
1974,858.8993878181109,921.6281861078629
1975,879.7911638513751,922.6783733061433
1976,900.8696662157835,921.7241709022863
1977,921.9486838316562,921.228679092056
1978,945.8743051407507,925.1302303865867
1979,967.2038176876506,925.805342655693
1980,-0.7904895808051573,940.9246184758618
1981,22.13758496820977,942.5925666021557
1982,45.61127499795013,941.3529318028784
1983,82.98902492663467,940.313178881281
1984,107.84796537193046,939.8134920834688
1985,141.12478630920478,942.9216267535993
1986,165.7675988075664,943.6768267895684
1987,191.3195186460995,944.7984711949622
1988,227.95334031882334,942.7160322583381
1989,251.6857316021557,943.1254993883005
1990,273.5446853810585,943.8921746299612
1991,295.3034136057284,945.8929448301478
1992,313.250720072909,941.498577907188
1993,333.12135143601313,938.1210924711594
1994,353.55217596634077,940.2481950176808
1995,374.1888917687054,941.4511235574045
1996,396.82592298343707,944.678388896185
1997,420.7629210544669,946.3426235043848
1998,446.91430121718656,945.5211809808767
1999,478.82875969967233,941.6779281333587
2000,505.84818913565863,942.6268317050597
2001,540.0384122522468,941.8557711055444
2002,564.3952467285242,944.6559815100659
2003,587.4401838653432,945.2841846631123
2004,606.9773210325553,943.1413537202276
2005,631.5008882867558,940.541641374479
2006,648.354845847089,939.8045980629312
2007,669.0409294295931,941.1873078533343
2008,690.2281670874812,940.8997544452276
2009,713.0592281785202,942.437326226548
2010,733.1814445175223,941.3662839693188
2011,752.9827796213555,940.5704525828673
2012,772.379961377354,941.6907533177476
2013,821.3721552071951,941.4228002901858
2014,839.3101811121628,942.6197209305737
2015,859.9859071728267,943.6257489431877
2016,880.8007564607096,941.6285370710885
2017,900.995349287506,942.6738609947214
2018,924.802863568329,941.9675361391627
2019,949.145764079378,943.4388636626148
2020,980.0208722258737,938.9008870795702
2021,1001.3122497711785,939.409508003213
2022,0.12704344442537766,964.3210424330342
2023,20.93777742183825,963.9293752991978
2024,44.22085007478564,961.2124881678103
2025,62.19660368191321,959.486415309659
2026,83.02454042615472,958.7134271743703
2027,106.0164800700484,958.0441476051965
2028,124.0473631808063,957.6840297934405
2029,144.214398040235,959.9720337822711
2030,166.48108099187044,963.5972944149332
2031,190.7089966215474,960.6327529233512
2032,208.61970389414105,959.0251392323559
2033,229.34266863714925,961.281092708815
2034,252.0357348031775,963.0546647171078
2035,277.0268957927317,963.511422727612
2036,311.91402815519024,963.5360240146063
2037,333.45431300041975,962.8636862841845
2038,356.3576986907929,962.5477825166851
2039,377.6319273008207,962.5158897554685
2040,398.61556990633716,963.4191035025857
2041,420.97559576196903,963.719808214947
2042,441.80375315067204,962.30480085011
2043,462.27186782814806,959.9987497637029
2044,480.5446587848095,960.7695911146807
2045,504.01981876419444,961.7468676625809
2046,522.6808974724571,959.7612871745081
2047,542.34287436436,961.7755578412192
2048,565.856568125434,965.3682199149468
2049,587.4239044725107,966.3231274822192
2050,604.3830921137052,966.6531621922646
2051,626.901222106302,963.0568797537138
2052,650.2378373301864,962.913084938848
2053,669.791858757997,961.5373148883215
2054,691.0285548680515,963.3341455633151
2055,713.1753963836035,963.5473649803084
2056,732.0729523430404,963.5773609473723
2057,753.2567564842915,962.9176842331661
2058,771.971446059464,964.5927851315714
2059,796.0317576983571,968.1241580454277
2060,819.9743790818657,964.6598889379073
2061,837.6976710211763,964.9936992191657
2062,859.9222814045285,962.6028290105354
2063,879.8263178546658,963.5929936005185
2064,902.2448952942475,962.821345088944
2065,925.5172154942059,964.8152271098818
2066,947.023351025601,967.0565502749296
2067,964.797053870055,966.0505103163583
2068,980.6139001929577,963.2017603380959
2069,1001.6466049544754,961.416029433164
2070,-0.9716550167356676,983.492730139585
2071,20.176263387489257,983.2846707895026
2072,41.41320390977867,983.4843484623932
2073,61.88887498464582,981.7717861095401
2074,84.54564196726875,983.1311595495721
2075,105.02183402135262,982.0487480075041
2076,125.61392792179034,981.672540839341
2077,147.12338782148484,982.4398617577294
2078,166.57499700474403,984.0572463381649
2079,190.01219336030505,982.4757320789416
2080,210.4777591939724,983.8211990955409
2081,230.0307762671465,983.4458317631526
2082,251.1683376191998,984.7738779085133
2083,274.5998570075269,983.187015628113
2084,293.2790550297668,979.6795870648367
2085,312.93905279271274,983.0811376432636
2086,333.12405163633537,983.7947027102999
2087,354.9322302736383,983.3519729562188
2088,378.0136764958408,985.509703358423
2089,398.98779666010444,983.5999594599539
2090,419.1724638485225,984.474613458569
2091,439.4504962496305,982.612505471462
2092,459.88802348558096,982.8306078278181
2093,481.5031940564268,983.26047631006
2094,503.0277937176027,982.2582449277598
2095,524.8619723397119,982.8002239414836
2096,544.8120817496704,983.4878154695216
2097,570.1567756859957,983.2897853062582
2098,604.6760363122366,984.4911448507079
2099,625.7584463680446,983.3930242345399
2100,648.1548680762868,983.3106107406352
2101,671.260768991406,984.3929608321802
2102,690.2397477476823,983.4915985280496
2103,713.2030874714284,984.5179001277021
2104,734.1349398992853,985.5318187908016
2105,753.932143844319,985.6917225978897
2106,773.6506873155532,984.3496226411901
2107,796.0101651101727,986.8980544629048
2108,817.3372645157345,984.3140516436955
2109,837.0459967853994,984.679230707673
2110,857.8582699771958,985.5324436629026
2111,880.9261106454903,984.5633701902158
2112,901.127692179113,986.0592723900068
2113,926.9553999612261,986.1151182775724
2114,948.2860052934597,990.5810766077584
2115,976.8914053469672,984.9799265707575
2116,1003.3351698095123,984.513539396939
2117,1.002326630418094,1004.4648506860074
2118,20.966120961739787,1004.4388761645733
2119,40.93697060138426,1004.3400873973092
2120,62.84460230608965,1005.2543928261725
2121,83.76677313405771,1005.3068090094961
2122,103.75962450293873,1005.303490334597
2123,124.67990101699448,1005.2503492853414
2124,146.58997237913118,1004.3367151357327
2125,167.5778189873212,1005.4104642966627
2126,189.5651450385294,1006.3378739441582
2127,210.47339351758774,1004.2571827693756
2128,229.40558357629664,1005.3213583817969
2129,251.57812715923106,1005.2087495502234
2130,271.82763866742675,1003.4332018478921
2131,293.2617711515133,1002.765142888705
2132,312.69397075065245,1004.4305065153698
2133,335.9255664342059,1005.2286653509742
2134,356.0733426414999,1005.4433305309633
2135,378.04826171975054,1005.466202086374
2136,398.99878608229153,1006.4683745988524
2137,419.96352449031593,1004.4452157044565
2138,440.9353303028264,1004.3441655947291
2139,461.84193689635794,1004.2564159981796
2140,482.7630858894609,1004.3119761400147
2141,502.7622101526801,1005.3106467108231
2142,524.805583159188,1004.2131929390703
2143,545.6173540023794,1003.8243607652909
2144,567.8682759783364,1003.1271300989633
2145,586.5203320656366,1000.6533321842794
2146,605.1584835393722,1003.1542658523423
2147,628.3866640858553,1003.9463429700697
2148,649.2372670963226,1004.4165194938589
2149,670.3051365070402,1004.4609009025072
2150,690.2581228263413,1005.4661386747964
2151,713.2058871457159,1006.4672322397097
2152,733.1519767577112,1004.4685734504916
2153,755.0890822653312,1005.4848825690826
2154,775.0210205640408,1004.5508758181383
2155,794.9960394540503,1004.6054028915319
2156,815.9687846348597,1004.5467395356872
2157,836.9000628750374,1005.4832094805869
2158,858.8463657883999,1005.4683884607865
2159,880.0069897691533,1004.4659712817225
2160,902.7708472622236,1006.4226226838686
2161,929.2414761931796,1003.923018167722
2162,976.6546959315576,1003.0149044323531
2163,1001.5050753853427,1005.9095701543934
